{"stats":{"minecraft:mined":{"minecraft:sand":1},"minecraft:custom":{"minecraft:jump":187,"minecraft:time_since_rest":905,"minecraft:deaths":2,"minecraft:damage_dealt":45,"minecraft:crouch_one_cm":208,"minecraft:walk_on_water_one_cm":928,"minecraft:sprint_one_cm":14101,"minecraft:play_time":6224,"minecraft:damage_taken":81,"minecraft:time_since_death":2107,"minecraft:walk_one_cm":4778,"minecraft:sleep_in_bed":1,"minecraft:sneak_time":164,"minecraft:total_world_time":6224,"minecraft:walk_under_water_one_cm":195,"minecraft:swim_one_cm":2434,"minecraft:fall_one_cm":6685,"minecraft:fly_one_cm":71833}},"DataVersion":3120}