{"stats":{"minecraft:picked_up":{"minecraft:acacia_log":1,"minecraft:dirt":1},"minecraft:custom":{"minecraft:jump":16,"minecraft:time_since_rest":1087,"minecraft:leave_game":1,"minecraft:sprint_one_cm":1579,"minecraft:play_time":1087,"minecraft:time_since_death":1087,"minecraft:walk_one_cm":818,"minecraft:total_world_time":1087,"minecraft:fall_one_cm":418,"minecraft:fly_one_cm":4313},"minecraft:mined":{"minecraft:grass":1,"minecraft:acacia_log":1,"minecraft:grass_block":1},"minecraft:used":{"minecraft:dirt":1,"minecraft:acacia_log":1}},"DataVersion":3120}