{"stats":{"minecraft:custom":{"minecraft:time_since_rest":5409,"minecraft:sprint_one_cm":422,"minecraft:play_time":5409,"minecraft:damage_taken":20,"minecraft:walk_one_cm":1571,"minecraft:jump":10,"minecraft:leave_game":2,"minecraft:time_since_death":5409,"minecraft:total_world_time":5409,"minecraft:interact_with_crafting_table":1,"minecraft:fall_one_cm":824,"minecraft:fly_one_cm":2858},"minecraft:mined":{"minecraft:grass_block":1,"minecraft:oak_log":3,"minecraft:dirt":2,"minecraft:stone":3,"minecraft:oak_leaves":1},"minecraft:picked_up":{"minecraft:oak_log":3,"minecraft:dirt":3,"minecraft:cobblestone":3},"minecraft:used":{"minecraft:crafting_table":1,"minecraft:wooden_pickaxe":6},"minecraft:crafted":{"minecraft:oak_planks":12,"minecraft:crafting_table":1,"minecraft:stick":8,"minecraft:wooden_pickaxe":1}},"DataVersion":3465}