{"stats":{"minecraft:custom":{"minecraft:time_since_rest":6982,"minecraft:sprint_one_cm":43828,"minecraft:damage_taken":330,"minecraft:walk_one_cm":37614,"minecraft:mob_kills":9,"minecraft:drop":1,"minecraft:damage_dealt":914,"minecraft:swim_one_cm":5658,"minecraft:interact_with_crafting_table":3,"minecraft:fly_one_cm":48204,"minecraft:crouch_one_cm":1968,"minecraft:play_time":13430,"minecraft:deaths":1,"minecraft:sneak_time":397,"minecraft:walk_under_water_one_cm":363,"minecraft:jump":220,"minecraft:time_since_death":6955,"minecraft:leave_game":3,"minecraft:walk_on_water_one_cm":294,"minecraft:total_world_time":13430,"minecraft:fall_one_cm":7791},"minecraft:killed":{"minecraft:pig":9},"minecraft:used":{"minecraft:stone_sword":28,"minecraft:spruce_planks":1,"minecraft:wooden_pickaxe":18,"minecraft:stone_axe":18,"minecraft:dirt":6,"minecraft:crafting_table":3},"minecraft:mined":{"minecraft:spruce_log":3,"minecraft:crafting_table":3,"minecraft:grass_block":2,"minecraft:dirt":4,"minecraft:spruce_leaves":12,"minecraft:stone":9},"minecraft:picked_up":{"minecraft:stick":18,"minecraft:crafting_table":3,"minecraft:chicken":1,"minecraft:porkchop":18,"minecraft:spruce_sapling":7,"minecraft:spruce_log":92,"minecraft:dirt":6,"minecraft:cobblestone":9},"minecraft:dropped":{"minecraft:spruce_sapling":1},"minecraft:killed_by":{"minecraft:zombie":1},"minecraft:crafted":{"minecraft:crafting_table":1,"minecraft:spruce_planks":116,"minecraft:stick":8,"minecraft:wooden_pickaxe":1,"minecraft:stone_pickaxe":1,"minecraft:stone_sword":1,"minecraft:stone_axe":1}},"DataVersion":3120}