{"stats":{"minecraft:custom":{"minecraft:time_since_rest":0,"minecraft:interact_with_furnace":19,"minecraft:sprint_one_cm":2429,"minecraft:damage_taken":923,"minecraft:walk_one_cm":83085,"minecraft:mob_kills":2,"minecraft:drop":1,"minecraft:damage_dealt":203,"minecraft:interact_with_crafting_table":7,"minecraft:fly_one_cm":3384,"minecraft:crouch_one_cm":7805,"minecraft:deaths":2,"minecraft:play_time":38125,"minecraft:sneak_time":4298,"minecraft:walk_under_water_one_cm":1064,"minecraft:jump":163,"minecraft:leave_game":3,"minecraft:walk_on_water_one_cm":626,"minecraft:time_since_death":0,"minecraft:total_world_time":38125,"minecraft:fall_one_cm":627},"minecraft:picked_up":{"minecraft:raw_iron":24,"minecraft:crafting_table":4,"minecraft:chicken":2,"minecraft:cooked_porkchop":2,"minecraft:andesite":28,"minecraft:gravel":2,"minecraft:sand":1,"minecraft:flint":2,"minecraft:oak_log":13,"minecraft:diorite":19,"minecraft:gunpowder":2,"minecraft:string":1,"smarter_mobs:spider_web":2,"minecraft:dirt":20,"minecraft:arrow":3,"minecraft:bone":4,"minecraft:orange_tulip":4,"minecraft:wheat_seeds":1,"minecraft:stone_axe":1,"minecraft:granite":11,"minecraft:oak_sapling":2,"minecraft:cobblestone":53,"minecraft:furnace":2},"minecraft:mined":{"minecraft:furnace":2,"minecraft:iron_ore":22,"minecraft:andesite":28,"minecraft:crafting_table":4,"minecraft:granite":11,"minecraft:grass":2,"minecraft:allium":1,"minecraft:grass_block":10,"minecraft:oak_log":13,"minecraft:gravel":4,"minecraft:sand":1,"minecraft:dirt":13,"minecraft:cobblestone":3,"minecraft:stone":51,"minecraft:diorite":19},"minecraft:dropped":{"minecraft:stone_axe":1},"minecraft:crafted":{"minecraft:wooden_sword":1,"minecraft:oak_planks":52,"minecraft:crafting_table":1,"minecraft:stick":12,"minecraft:cooked_chicken":2,"minecraft:iron_pickaxe":1,"minecraft:iron_ingot":9,"minecraft:wooden_pickaxe":1,"minecraft:stone_pickaxe":1,"minecraft:wooden_axe":1,"minecraft:stone_sword":1,"minecraft:furnace":2,"minecraft:stone_axe":1,"minecraft:air":0},"minecraft:killed":{"minecraft:chicken":2},"minecraft:used":{"minecraft:wooden_axe":2,"minecraft:stone_sword":8,"minecraft:stone_pickaxe":116,"minecraft:iron_pickaxe":3,"minecraft:wooden_pickaxe":27,"minecraft:cooked_chicken":1,"minecraft:stone_axe":12,"minecraft:dirt":5,"minecraft:sand":1,"minecraft:cobblestone":19,"minecraft:crafting_table":4,"minecraft:furnace":2,"minecraft:oak_sapling":2,"minecraft:cooked_porkchop":2,"minecraft:andesite":28,"minecraft:granite":1}},"DataVersion":3465}