{"stats":{"minecraft:custom":{"minecraft:time_since_rest":5154,"minecraft:crouch_one_cm":658,"minecraft:play_time":7978,"minecraft:sprint_one_cm":23972,"minecraft:walk_one_cm":10707,"minecraft:damage_taken":470,"minecraft:deaths":2,"minecraft:sneak_time":427,"minecraft:mob_kills":1,"minecraft:jump":94,"minecraft:damage_dealt":98,"minecraft:leave_game":1,"minecraft:walk_on_water_one_cm":201,"minecraft:time_since_death":5118,"minecraft:total_world_time":7978,"minecraft:interact_with_crafting_table":1,"minecraft:fall_one_cm":2812,"minecraft:fly_one_cm":17259},"minecraft:killed":{"minecraft:chicken":1},"minecraft:used":{"minecraft:wooden_sword":3,"minecraft:crafting_table":1},"minecraft:mined":{"minecraft:grass_block":2,"minecraft:spruce_sapling":1,"minecraft:dirt":1,"minecraft:spruce_leaves":3,"minecraft:spruce_log":12},"minecraft:picked_up":{"minecraft:feather":1,"minecraft:stick":2,"minecraft:chicken":1,"minecraft:spruce_planks":4,"minecraft:spruce_sapling":5,"minecraft:spruce_log":20,"minecraft:dirt":1,"minecraft:egg":1},"minecraft:killed_by":{"minecraft:zombie":2},"minecraft:crafted":{"minecraft:wooden_sword":1,"minecraft:crafting_table":2,"minecraft:spruce_planks":56,"minecraft:stick":8,"minecraft:wooden_pickaxe":1,"minecraft:wooden_axe":1}},"DataVersion":3120}