{"stats":{"minecraft:custom":{"minecraft:time_since_rest":15212,"minecraft:interact_with_furnace":3,"minecraft:sprint_one_cm":15109,"minecraft:damage_taken":685,"minecraft:walk_one_cm":38159,"minecraft:mob_kills":6,"minecraft:drop":1,"minecraft:damage_dealt":610,"minecraft:interact_with_crafting_table":6,"minecraft:fly_one_cm":29703,"minecraft:crouch_one_cm":7881,"minecraft:play_time":28701,"minecraft:deaths":2,"minecraft:sneak_time":2359,"minecraft:jump":195,"minecraft:time_since_death":6581,"minecraft:climb_one_cm":114,"minecraft:total_world_time":28701,"minecraft:fall_one_cm":7781},"minecraft:killed":{"minecraft:sheep":1,"minecraft:pig":5},"minecraft:broken":{"minecraft:stone_axe":1},"minecraft:used":{"minecraft:oak_log":1,"minecraft:stone_sword":12,"minecraft:stone_pickaxe":23,"minecraft:oak_planks":3,"minecraft:wooden_pickaxe":20,"minecraft:stone_axe":6,"minecraft:crafting_table":5,"minecraft:furnace":1},"minecraft:mined":{"minecraft:dark_oak_leaves":9,"minecraft:dark_oak_log":10,"minecraft:andesite":1,"minecraft:crafting_table":5,"minecraft:grass":1,"minecraft:oak_log":9,"minecraft:dirt":1,"minecraft:stone":38},"minecraft:picked_up":{"minecraft:dark_oak_sapling":4,"minecraft:stick":45,"minecraft:crafting_table":6,"minecraft:andesite":1,"minecraft:wooden_pickaxe":1,"minecraft:porkchop":9,"minecraft:oak_log":9,"minecraft:dark_oak_log":172,"minecraft:dirt":22,"minecraft:dark_oak_planks":13,"minecraft:mutton":3,"minecraft:white_wool":2,"minecraft:cobblestone":38},"minecraft:dropped":{"minecraft:dark_oak_log":1},"minecraft:killed_by":{"minecraft:creeper":2},"minecraft:crafted":{"minecraft:oak_planks":32,"minecraft:cooked_porkchop":1,"minecraft:crafting_table":2,"minecraft:stick":56,"minecraft:wooden_pickaxe":2,"minecraft:stone_pickaxe":2,"minecraft:stone_sword":2,"minecraft:furnace":1,"minecraft:dark_oak_planks":684,"minecraft:stone_axe":2}},"DataVersion":3120}