{"stats":{"minecraft:used":{"minecraft:sand":4,"minecraft:blue_bed":2},"minecraft:picked_up":{"minecraft:sand":4},"minecraft:mined":{"minecraft:sand":3},"minecraft:custom":{"minecraft:jump":196,"minecraft:time_since_rest":744,"minecraft:leave_game":1,"minecraft:damage_dealt":41,"minecraft:deaths":2,"minecraft:walk_on_water_one_cm":284,"minecraft:sprint_one_cm":19608,"minecraft:play_time":7209,"minecraft:damage_taken":75,"minecraft:time_since_death":2171,"minecraft:walk_one_cm":7582,"minecraft:sleep_in_bed":1,"minecraft:sneak_time":60,"minecraft:walk_under_water_one_cm":87,"minecraft:total_world_time":7209,"minecraft:swim_one_cm":368,"minecraft:fall_one_cm":6072,"minecraft:fly_one_cm":105937}},"DataVersion":3120}