{"stats":{"minecraft:custom":{"minecraft:time_since_rest":3212,"minecraft:crouch_one_cm":4735,"minecraft:play_time":16701,"minecraft:sprint_one_cm":9438,"minecraft:deaths":2,"minecraft:damage_taken":575,"minecraft:walk_one_cm":18131,"minecraft:sneak_time":1636,"minecraft:mob_kills":1,"minecraft:jump":78,"minecraft:damage_dealt":80,"minecraft:time_since_death":0,"minecraft:total_world_time":16701,"minecraft:fall_one_cm":4422,"minecraft:interact_with_crafting_table":2,"minecraft:fly_one_cm":13469},"minecraft:killed":{"minecraft:sheep":1},"minecraft:broken":{"minecraft:stone_axe":1},"minecraft:used":{"minecraft:stone_axe":4,"minecraft:stone_sword":2,"minecraft:crafting_table":2,"minecraft:wooden_pickaxe":10},"minecraft:mined":{"minecraft:dark_oak_leaves":7,"minecraft:stone":8,"minecraft:dark_oak_log":10,"minecraft:crafting_table":2},"minecraft:picked_up":{"minecraft:dark_oak_planks":13,"minecraft:dark_oak_sapling":4,"minecraft:stick":42,"minecraft:crafting_table":3,"minecraft:wooden_pickaxe":1,"minecraft:mutton":2,"minecraft:white_wool":1,"minecraft:dark_oak_log":171,"minecraft:dirt":21,"minecraft:cobblestone":8},"minecraft:killed_by":{"minecraft:creeper":2},"minecraft:crafted":{"minecraft:stone_sword":1,"minecraft:dark_oak_planks":684,"minecraft:stone_axe":1,"minecraft:crafting_table":1,"minecraft:stick":40,"minecraft:stone_pickaxe":1,"minecraft:wooden_pickaxe":1}},"DataVersion":3120}