{"stats":{"minecraft:used":{"minecraft:crafting_table":1,"minecraft:chest":1,"minecraft:wooden_pickaxe":32},"minecraft:picked_up":{"minecraft:birch_log":4,"minecraft:string":1,"minecraft:cobblestone":7},"minecraft:custom":{"minecraft:time_since_rest":4207,"minecraft:play_time":4207,"minecraft:sprint_one_cm":3170,"minecraft:damage_taken":150,"minecraft:walk_one_cm":5473,"minecraft:sneak_time":23,"minecraft:mob_kills":1,"minecraft:jump":26,"minecraft:damage_dealt":159,"minecraft:leave_game":1,"minecraft:time_since_death":4207,"minecraft:total_world_time":4207,"minecraft:interact_with_crafting_table":1,"minecraft:fall_one_cm":876,"minecraft:fly_one_cm":4203},"minecraft:mined":{"minecraft:birch_log":4,"minecraft:stone":7,"minecraft:birch_leaves":1},"minecraft:killed":{"minecraft:spider":1},"minecraft:crafted":{"minecraft:birch_planks":16,"minecraft:crafting_table":1,"minecraft:stick":8,"minecraft:wooden_pickaxe":1}},"DataVersion":3465}