{"stats":{"minecraft:broken":{"minecraft:wooden_pickaxe":1},"minecraft:crafted":{"minecraft:birch_planks":16,"minecraft:crafting_table":1,"minecraft:stick":8,"minecraft:wooden_pickaxe":1},"minecraft:custom":{"minecraft:time_since_rest":7200,"minecraft:sprint_one_cm":13077,"minecraft:play_time":7200,"minecraft:damage_taken":150,"minecraft:walk_one_cm":9232,"minecraft:sneak_time":34,"minecraft:walk_under_water_one_cm":157,"minecraft:mob_kills":1,"minecraft:jump":105,"minecraft:damage_dealt":159,"minecraft:walk_on_water_one_cm":892,"minecraft:leave_game":2,"minecraft:time_since_death":7200,"minecraft:total_world_time":7200,"minecraft:swim_one_cm":7860,"minecraft:interact_with_crafting_table":1,"minecraft:fall_one_cm":3082,"minecraft:fly_one_cm":30099},"minecraft:mined":{"minecraft:birch_log":4,"minecraft:cobblestone":2,"minecraft:stone":7,"minecraft:birch_leaves":1},"minecraft:used":{"minecraft:torch":1,"minecraft:cobblestone":2,"minecraft:crafting_table":1,"minecraft:wooden_pickaxe":34,"minecraft:chest":1},"minecraft:killed":{"minecraft:spider":1},"minecraft:picked_up":{"minecraft:birch_log":4,"minecraft:string":1,"minecraft:cobblestone":9}},"DataVersion":3465}