{"stats":{"minecraft:custom":{"minecraft:time_since_rest":0,"minecraft:interact_with_furnace":8,"minecraft:sprint_one_cm":62675,"minecraft:damage_taken":2163,"minecraft:walk_one_cm":85080,"minecraft:mob_kills":12,"minecraft:drop":6,"minecraft:damage_dealt":1271,"minecraft:swim_one_cm":4103,"minecraft:interact_with_crafting_table":7,"minecraft:fly_one_cm":75866,"minecraft:crouch_one_cm":52,"minecraft:play_time":46241,"minecraft:deaths":4,"minecraft:sneak_time":81,"minecraft:walk_under_water_one_cm":1494,"minecraft:jump":523,"minecraft:leave_game":2,"minecraft:walk_on_water_one_cm":533,"minecraft:time_since_death":0,"minecraft:total_world_time":46241,"minecraft:fall_one_cm":10414},"minecraft:broken":{"minecraft:stone_pickaxe":1},"minecraft:picked_up":{"minecraft:birch_log":2,"minecraft:stick":2,"minecraft:crafting_table":4,"minecraft:raw_iron":2,"minecraft:andesite":14,"minecraft:porkchop":24,"minecraft:oak_log":13,"minecraft:diorite":5,"minecraft:gunpowder":2,"minecraft:stripped_birch_log":4,"minecraft:dirt":40,"minecraft:arrow":1,"minecraft:bone":1,"minecraft:stone_axe":1,"minecraft:orange_tulip":2,"minecraft:oak_sapling":5,"minecraft:birch_sapling":1,"minecraft:stripped_oak_log":6,"minecraft:cobblestone":122,"minecraft:furnace":2},"minecraft:mined":{"minecraft:furnace":1,"minecraft:birch_log":2,"minecraft:iron_ore":2,"minecraft:stripped_birch_log":4,"minecraft:andesite":14,"minecraft:orange_tulip":1,"minecraft:crafting_table":4,"minecraft:grass_block":2,"minecraft:oak_log":3,"minecraft:dirt":7,"minecraft:stripped_oak_log":6,"minecraft:cobblestone":4,"minecraft:stone":118,"minecraft:diorite":5},"minecraft:killed_by":{"minecraft:zombie":2},"minecraft:dropped":{"minecraft:furnace":1,"minecraft:stone_axe":1,"minecraft:cooked_porkchop":2,"minecraft:oak_sapling":5,"minecraft:raw_iron":2},"minecraft:crafted":{"minecraft:oak_planks":56,"minecraft:cooked_porkchop":10,"minecraft:crafting_table":1,"minecraft:stick":8,"minecraft:wooden_pickaxe":1,"minecraft:stone_pickaxe":2,"minecraft:stone_sword":1,"minecraft:furnace":1,"minecraft:stone_axe":1},"minecraft:killed":{"minecraft:pig":12},"minecraft:used":{"minecraft:oak_log":3,"minecraft:diorite":5,"minecraft:stone_sword":30,"minecraft:stone_pickaxe":135,"minecraft:wooden_pickaxe":13,"minecraft:stone_axe":26,"minecraft:dirt":2,"minecraft:sand":1,"minecraft:cobblestone":65,"minecraft:crafting_table":5,"minecraft:furnace":2,"minecraft:cooked_porkchop":8,"minecraft:andesite":14}},"DataVersion":3465}