{"stats":{"minecraft:killed":{"minecraft:sheep":1,"minecraft:spider":1},"minecraft:used":{"sophisticatedbackpacks:backpack":1,"minecraft:chest":2,"minecraft:wooden_pickaxe":34,"minecraft:torch":1,"minecraft:dirt":4,"minecraft:cobblestone":2,"minecraft:crafting_table":1},"minecraft:dropped":{"minecraft:mutton":2},"minecraft:picked_up":{"minecraft:birch_log":4,"sophisticatedbackpacks:backpack":1,"minecraft:dirt":4,"minecraft:string":1,"minecraft:wheat_seeds":1,"minecraft:mutton":2,"minecraft:white_wool":1,"minecraft:cobblestone":9},"minecraft:broken":{"minecraft:wooden_pickaxe":1},"minecraft:mined":{"minecraft:birch_log":4,"minecraft:birch_leaves":1,"minecraft:grass":2,"minecraft:grass_block":4,"minecraft:cobblestone":2,"minecraft:stone":7,"sophisticatedbackpacks:backpack":1},"minecraft:custom":{"minecraft:time_since_rest":14920,"minecraft:sprint_one_cm":26383,"minecraft:damage_taken":150,"minecraft:walk_one_cm":20401,"minecraft:mob_kills":2,"minecraft:drop":2,"minecraft:damage_dealt":239,"minecraft:interact_with_crafting_table":1,"minecraft:swim_one_cm":7860,"minecraft:fly_one_cm":106318,"minecraft:open_chest":1,"minecraft:crouch_one_cm":64,"minecraft:play_time":14920,"minecraft:sneak_time":94,"minecraft:walk_under_water_one_cm":157,"minecraft:jump":288,"minecraft:leave_game":4,"minecraft:walk_on_water_one_cm":892,"minecraft:time_since_death":14920,"minecraft:total_world_time":14920,"minecraft:fall_one_cm":4812,"minecraft:horse_one_cm":4056},"minecraft:crafted":{"minecraft:crafting_table":1,"minecraft:stick":8,"minecraft:wooden_pickaxe":1,"minecraft:birch_planks":16}},"DataVersion":3465}