{
	"level_seeds": [
		{
			"dim": "minecraft:overworld",
			"seed": -6847896318032291743
		},
		{
			"dim": "minecraft:the_nether",
			"seed": -6847896318032291743
		},
		{
			"dim": "immersive_portals:alternate2",
			"seed": -6847896318032291743
		},
		{
			"dim": "minecraft:the_end",
			"seed": -6847896318032291743
		},
		{
			"dim": "immersive_portals:alternate5",
			"seed": -6847896318032291743
		},
		{
			"dim": "immersive_portals:alternate3",
			"seed": -6847896318032291743
		},
		{
			"dim": "immersive_portals:alternate1",
			"seed": -6847896318032291743
		},
		{
			"dim": "immersive_portals:alternate4",
			"seed": -6847896318032291743
		}
	],
	"structure_seeds": [
		{
			"dim": "minecraft:overworld",
			"seed": -6847896318032291743
		},
		{
			"dim": "minecraft:the_nether",
			"seed": -6847896318032291743
		},
		{
			"dim": "immersive_portals:alternate2",
			"seed": -6847896318032291743
		},
		{
			"dim": "minecraft:the_end",
			"seed": -6847896318032291743
		},
		{
			"dim": "immersive_portals:alternate5",
			"seed": -6847896318032291743
		},
		{
			"dim": "immersive_portals:alternate3",
			"seed": -6847896318032291743
		},
		{
			"dim": "immersive_portals:alternate1",
			"seed": -6847896318032291743
		},
		{
			"dim": "immersive_portals:alternate4",
			"seed": -6847896318032291743
		}
	]
}