{
	"level_seeds": [
		{
			"dim": "immersive_portals:alternate2",
			"seed": 2198909941501958834
		},
		{
			"dim": "immersive_portals:alternate1",
			"seed": 2198909941501958834
		},
		{
			"dim": "minecraft:the_end",
			"seed": 2198909941501958834
		},
		{
			"dim": "immersive_portals:alternate4",
			"seed": 2198909941501958834
		},
		{
			"dim": "minecraft:the_nether",
			"seed": 2198909941501958834
		},
		{
			"dim": "immersive_portals:alternate3",
			"seed": 2198909941501958834
		},
		{
			"dim": "minecraft:overworld",
			"seed": 2198909941501958834
		},
		{
			"dim": "immersive_portals:alternate5",
			"seed": 2198909941501958834
		}
	],
	"structure_seeds": [
		{
			"dim": "immersive_portals:alternate2",
			"seed": 2198909941501958834
		},
		{
			"dim": "immersive_portals:alternate1",
			"seed": 2198909941501958834
		},
		{
			"dim": "minecraft:the_end",
			"seed": 2198909941501958834
		},
		{
			"dim": "immersive_portals:alternate4",
			"seed": 2198909941501958834
		},
		{
			"dim": "minecraft:the_nether",
			"seed": 2198909941501958834
		},
		{
			"dim": "immersive_portals:alternate3",
			"seed": 2198909941501958834
		},
		{
			"dim": "minecraft:overworld",
			"seed": 2198909941501958834
		},
		{
			"dim": "immersive_portals:alternate5",
			"seed": 2198909941501958834
		}
	]
}